Workbook

Sheet Intro
A1: During the course it is a good idea to keep track of your progress through the course. Not only will this give you a big picture of the syllabus and how you are progressing but will also help you keep track of your undestanding of the various areas of the course. Use the links below to navigate to the various pages.
A3: A1 Computer fundamentals
A4: A2 Networks
A5: A3 Databases
A6: A4 Machine learning
A7: B1 Computational thinking
A8: B2 Programming
A9: B3 Object oriented programming

Sheet Progress
A1: Progress and understanding | B1: Coverage | C1: A1 Computer fundamentals | D1: A2 Networks | E1: A3 Databases | F1: A4 Machine learning | G1: B1 Computational thinking | H1: B2 Programming | I1: B3 Object-oriented programming | J1: B4 Abstract data types—HL only | K1: Overall
A2: Progress | B2: Covered in class | C2: =COUNTIF('A1 Computer fundamentals'!$D4:$D25,"TRUE") -> 0 | D2: =COUNTIF('A2 Networks'!$D4:$D20,"TRUE") -> 1 | E2: =COUNTIF('A3 Databases'!$D4:$D21,"TRUE") -> 8 | F2: =COUNTIF('A4 Machine learning'!$D4:$D20,"TRUE") -> 0 | G2: =COUNTIF('B1 Computational thinking'!$D4:$D7,"TRUE") -> 4 | H2: =COUNTIF('B2 Programming'!$D4:$D21,"TRUE") -> 9 | I2: =COUNTIF('B3 Object-oriented programming'!$D4:$D13,"TRUE") -> 0 | J2: =COUNTIF('B4 Abstract data types (HL only'!$D4:$D9,"TRUE") -> 0 | K2: =SUM(C2:J2) -> 22
B3: Not covered in class | C3: =COUNTIF('A1 Computer fundamentals'!$D4:$D25,"FALSE") -> 22 | D3: =COUNTIF('A2 Networks'!$D4:$D20,"FALSE") -> 16 | E3: =COUNTIF('A3 Databases'!$D4:$D21,"FALSE") -> 10 | F3: =COUNTIF('A4 Machine learning'!$D4:$D20,"FALSE") -> 17 | G3: =COUNTIF('B1 Computational thinking'!$D4:$D7,"FALSE") -> 0 | H3: =COUNTIF('B2 Programming'!$D4:$D21,"FALSE") -> 9 | I3: =COUNTIF('B3 Object-oriented programming'!$D4:$D13,"FALSE") -> 10 | J3: =COUNTIF('B4 Abstract data types (HL only'!$D4:$D9,"FALSE") -> 6 | K3: =SUM(C3:J3) -> 90
B4: Total | C4: =C2+C3 -> 22 | D4: =D2+D3 -> 17 | E4: =E2+E3 -> 18 | F4: =F2+F3 -> 17 | G4: =G2+G3 -> 4 | H4: =H2+H3 -> 18 | I4: =I2+I3 -> 10 | J4: =J2+J3 -> 6 | K4: =SUM(C4:J4) -> 112
A5: Understanding | B5: Not Started | C5: =COUNTIF('A1 Computer fundamentals'!$E4:$E25,"Not started") -> 22 | D5: =COUNTIF('A2 Networks'!$E$4:$E$20,"Not started") -> 17 | E5: =COUNTIF('A3 Databases'!$E4:$E21,"Not started") -> 11 | F5: =COUNTIF('A4 Machine learning'!$E4:$E20,"Not started") -> 17 | G5: =COUNTIF('B1 Computational thinking'!$E4:$E7,"Not started") -> 4 | H5: =COUNTIF('B2 Programming'!$E4:$E21,"Not started") -> 9 | I5: =COUNTIF('B3 Object-oriented programming'!$E4:$E13,"Not started") -> 10 | J5: =COUNTIF('B4 Abstract data types (HL only'!$E4:$E9,"Not started") -> 6 | K5: =SUM(C5:J5) -> 96
B6: Developing | C6: =COUNTIF('A1 Computer fundamentals'!$E4:$E25,"Developing") -> 0 | D6: =COUNTIF('A2 Networks'!$E$4:$E$20,"Developing") -> 0 | E6: =COUNTIF('A3 Databases'!$E4:$E21,"Developing") -> 0 | F6: =COUNTIF('A4 Machine learning'!$E4:$E20,"Developing") -> 0 | G6: =COUNTIF('B1 Computational thinking'!$E4:$E7,"Developing") -> 0 | H6: =COUNTIF('B2 Programming'!$E4:$E21,"Developing") -> 0 | I6: =COUNTIF('B3 Object-oriented programming'!$E4:$E13,"Developing") -> 0 | J6: =COUNTIF('B4 Abstract data types (HL only'!$E4:$E9,"Developing") -> 0 | K6: =SUM(C6:J6) -> 0
B7: Secure | C7: =COUNTIF('A1 Computer fundamentals'!$E4:$E25,"Secure") -> 0 | D7: =COUNTIF('A2 Networks'!$E$4:$E$20,"Secure") -> 0 | E7: =COUNTIF('A3 Databases'!$E4:$E21,"Secure") -> 7 | F7: =COUNTIF('A4 Machine learning'!$E4:$E20,"Secure") -> 0 | G7: =COUNTIF('B1 Computational thinking'!$E4:$E7,"Secure") -> 0 | H7: =COUNTIF('B2 Programming'!$E4:$E21,"Secure") -> 9 | I7: =COUNTIF('B3 Object-oriented programming'!$E4:$E13,"Secure") -> 0 | J7: =COUNTIF('B4 Abstract data types (HL only'!$E4:$E9,"Secure") -> 0 | K7: =SUM(C7:J7) -> 16

Sheet A1 Computer fundamentals
A1: Standard level: 11 hours Higher level: 18 hours
A3: Subtopic | B3: Learning Statement | C3: Level | D3: Covered in class | E3: Confidence level
A4: A1.1 Computer hardware and operation | B4: A1.1.1 Describe the functions and interactions of the main CPU components. | C4: SL | D4: FALSE | E4: Not started
B5: A1.1.2 Describe the role of a GPU. | C5: SL | D5: FALSE | E5: Not started
B6: A1.1.3 Explain the differences between the CPU and the GPU. (HL only) | C6: HL | D6: FALSE | E6: Not started
B7: A1.1.4 Explain the purposes of different types of primary memory. | C7: SL | D7: FALSE | E7: Not started
B8: A1.1.5 Describe the fetch, decode and execute cycle. | C8: SL | D8: FALSE | E8: Not started
B9: A1.1.6 Describe the process of pipelining in multi-core architectures. (HL only) | C9: HL | D9: FALSE | E9: Not started
B10: A1.1.7 Describe internal and external types of secondary memory storage. | C10: SL | D10: FALSE | E10: Not started
B11: A1.1.8 Describe the concept of compression. | C11: SL | D11: FALSE | E11: Not started
B12: A1.1.9 Describe the different types of services in cloud computing. | C12: SL | D12: FALSE | E12: Not started
A13: A1.2 Data representation and computer logic | B13: A1.2.1 Describe the principal methods of representing data. | C13: SL | D13: FALSE | E13: Not started
B14: A1.2.2 Explain how binary is used to store data. | C14: SL | D14: FALSE | E14: Not started
B15: A1.2.3 Describe the purpose and use of logic gates. | C15: SL | D15: FALSE | E15: Not started
B16: A1.2.4 Construct and analyse truth tables. | C16: SL | D16: FALSE | E16: Not started
B17: A.1.2.5 Construct logic diagrams. | C17: SL | D17: FALSE | E17: Not started
A18: A1.3 Operating systems and control systems | B18: A1.3.1 Describe the role of operating systems. | C18: SL | D18: FALSE | E18: Not started
B19: A1.3.2 Describe the functions of an operating system. | C19: SL | D19: FALSE | E19: Not started
B20: A1.3.3 Compare different approaches to scheduling. | C20: SL | D20: FALSE | E20: Not started
B21: A1.3.4 Evaluate the use of polling and interrupt handling | C21: SL | D21: FALSE | E21: Not started
B22: A1.3.5 Explain the role of the operating system in managing multitasking and resource allocation. (HL only) | C22: HL | D22: FALSE | E22: Not started
B23: A1.3.6 Describe the use of the control system components. (HL only) | C23: HL | D23: FALSE | E23: Not started
B24: A1.3.7 Explain the use of control systems in a range of real-world applications. (HL only) | C24: HL | D24: FALSE | E24: Not started
A25: A1.4 Translation (HL only) | B25: A1.4.1 Evaluate the translation processes of interpreters and compilers. (HL only) | C25: HL | D25: FALSE | E25: Not started
A27: Linking Questions
A28: What role does multitasking in an operating system play in machine learning (A4)?
A29: How might a conditional statement be constructed using Boolean logic gates in a circuit (B2)?
A30: What role does task-scheduling in an operating system play in managing network traffic and requests (A2.3.3, A2.4)?
A31: How does resource allocation in an operating system impact network performance and stability (A2)?
A32: What role do GPUs play in non-graphics computational tasks (A4)?
A33: To what extent should computer systems not cause harm (TOK)?

Sheet A2 Networks
A1: Standard level: 11 hours Higher level: 18 hours
A3: Subtopic | B3: Learning Statement | C3: Level | D3: Covered in class | E3: Confidence level
A4: A2.1 Network fundamentals | B4: A2.1.1 Describe the purpose and characteristics of networks. | C4: SL | D4: TRUE | E4: Not started
B5: A2.1.2 Describe the purpose, benefits and limitations of modern digital infrastructures. | C5: SL | D5: FALSE | E5: Not started
B6: A2.1.3 Describe the function of network devices. | C6: SL | D6: FALSE | E6: Not started
B7: A2.1.4 Describe the network protocols used for transport and application. | C7: SL | D7: FALSE | E7: Not started
B8: A2.1.5 Describe the function of the TCP/IP model. (HL only) | C8: HL | D8: FALSE | E8: Not started
A9: A2.2 Network architecture | B9: A2.2.1 Describe the functions and practical applications of network topologies. | C9: SL | D9: FALSE | E9: Not started
B10: A2.2.2 Describe the function of servers. (HL only) | C10: HL | D10: FALSE | E10: Not started
B11: A2.2.3 Compare and contrast networking models. | C11: SL | D11: FALSE | E11: Not started
B12: A2.2.4 Explain the concepts and applications of network segmentation. | C12: SL | D12: FALSE | E12: Not started
A13: A2.3 Data transmissions | B13: A2.3.1 Describe different types of IP addressing. | C13: SL | D13: FALSE | E13: Not started
B14: A2.3.2 Compare types of media for data transmission. | C14: SL | D14: FALSE | E14: Not started
B15: A2.3.3 Explain how packet switching is used to send data across a network. | C15: SL | D15: FALSE | E15: Not started
B16: A2.3.4 Explain how static routing and dynamic routing move data across local area networks. (HL only) | C16: SL | D16: FALSE | E16: Not started
A17: A2.4 Network security | B17: A2.4.1 Discuss the effectiveness of firewalls at protecting a network. | C17: SL | D17: FALSE | E17: Not started
B18: A2.4.2 Describe common network vulnerabilities. (HL only) | C18: HL | D18: FALSE | E18: Not started
B19: A2.4.3 Describe common network countermeasures. (HL only) | C19: HL | D19: FALSE | E19: Not started
B20: A2.4.4 Describe the process of encryption and digital certificates. | C20: SL | D20: FALSE | E20: Not started
A22: Linking Questions
A23: • Do networks and databases use the same form of encryption algorithms (A3)?
A24: • How do cloud computing and distributed systems utilize networking to deliver services (A1.1.9)?
A25: • How do the concepts of binary and hexadecimal data structures relate to network communications (B2)?
A26: • Are similar ethical principles needed when transmitting data over a network and using data in machine learning algorithms (TOK)?
A27: • How can network types or transmissions impact database performance (A3)?
A28: • What are the similarities and differences between network security and database security (A3)?
A29: • How do network technologies influence machine learning algorithms (A4)?

Sheet A3 Databases
A1: Standard level: 11 hours Higher level: 18 hours
A3: Subtopic | B3: Learning Statement | C3: Level | D3: Covered in class | E3: Confidence level
A4: A3.1 Database fundamentals | B4: A3.1.1 Explain the features, benefits and limitations of a relational database. | C4: SL | D4: TRUE | E4: Secure
A5: A3.2 Database design | B5: A3.2.1 Describe database schemas. | C5: SL | D5: TRUE | E5: Secure
B6: A3.2.2 Construct ERDs. | C6: SL | D6: TRUE | E6: Secure
B7: A3.2.3 Outline the different data types used in relational databases. | C7: SL | D7: TRUE | E7: Secure
B8: A3.2.4 Construct tables for relational databases. | C8: SL | D8: TRUE | E8: Secure
B9: A3.2.5 Explain the difference between normal forms. | C9: SL | D9: FALSE | E9: Not started | F9: 45938
B10: A3.2.6 Construct a database normalized to 3NF for a range of real-world scenarios. | C10: SL | D10: FALSE | E10: Not started
B11: A3.2.7 Evaluate the need for denormalizing databases. | C11: SL | D11: FALSE | E11: Not started
A12: A3.3 Database programming | B12: A3.3.1 Outline the differences between data language types within SQL. | C12: SL | D12: TRUE | E12: Secure
B13: A3.3.2 Construct queries between two tables in SQL. | C13: SL | D13: TRUE | E13: Secure
B14: A3.3.3 Explain how SQL can be used to update data in a database. | C14: SL | D14: TRUE | E14: Not started
B15: A3.3.4 Construct calculations within a database using SQL’s aggregate functions. (HL only) | C15: HL | D15: FALSE | E15: Not started
B16: A3.3.5 Describe different database views. (HL only) | C16: HL | D16: FALSE | E16: Not started
B17: A3.3.6 Describe how transactions maintain data integrity in a database. (HL only) | C17: HL | D17: FALSE | E17: Not started
A18: A3.4 Alternative databases and data warehouses (HL only) | B18: A3.4.1 Outline the different types of databases as approaches to storing data. | C18: SL | D18: FALSE | E18: Not started | F18: Thursday - Oct 9
B19: A3.4.2 Explain the primary objectives of data warehouses in data management and business intelligence. | C19: SL | D19: FALSE | E19: Not started
B20: A3.4.3 Explain the role of online analytical processing (OLAP) and data mining for business intelligence. | C20: SL | D20: FALSE | E20: Not started
B21: A3.4.4 Describe the features of distributed databases. | C21: SL | D21: FALSE | E21: Not started
A23: Linking Questions
A24: • What processes are needed to store data in database structures so that they can be used in machine learning (A4)?
A25: • How does database programming in SQL differ from programming computationally in a high-level language (B2)?
A26: • To what extent is the effectiveness of the distributed database determined by the network that connects the various tables (A2)?
A27: • How could machine learning be applied to databases (A4)?
A28: • How do programming languages interact with databases to store, retrieve and manipulate data (B2)?

Sheet A4 Machine learning
A1: Standard level: 5 hours Higher level: 18 hours
A3: Subtopic | B3: Learning Statement | C3: Level | D3: Covered in class | E3: Confidence level
A4: A4.1 Machine learning fundamentals | B4: A4.1.1 Describe the types of machine learning and their applications in the real world. | C4: SL | D4: FALSE | E4: Not started
B5: A4.1.2 Describe the hardware requirements for various scenarios where machine learning is deployed. | C5: SL | D5: FALSE | E5: Not started
A6: A4.2 Data preprocessing (HL only) | B6: A4.2.1 Describe the significance of data cleaning. | C6: HL | D6: FALSE | E6: Not started
B7: A4.2.2 Describe the role of feature selection. | C7: HL | D7: FALSE | E7: Not started
B8: A4.2.3 Describe the importance of dimensionality reduction. | C8: HL | D8: FALSE | E8: Not started
A9: A4.3 Machine learning approaches (HL only) | B9: A4.3.1 Explain how linear regression is used to predict continuous outcomes. | C9: HL | D9: FALSE | E9: Not started
B10: A4.3.2 Explain how classifications techniques in supervised learning are used to predict discrete categorical outcomes. | C10: HL | D10: FALSE | E10: Not started
B11: A4.3.3 Explain the role of hyperparameter tuning when evaluating supervised learning algorithms. | C11: HL | D11: FALSE | E11: Not started
B12: A4.3.4 Describe how clustering techniques in unsupervised learning are used to group data based on similarities in features. | C12: HL | D12: FALSE | E12: Not started
B13: A4.3.5 Describe how learning techniques using the association rule are used to uncover relations between different attributes in large data sets. | C13: HL | D13: FALSE | E13: Not started
B14: A4.3.6 Describe how an agent learns to make decisions by interacting with its environment in reinforcement learning. | C14: HL | D14: FALSE | E14: Not started
B15: A4.3.7 Describe the application of genetic algorithms in various real-world situations. | C15: HL | D15: FALSE | E15: Not started
B16: A4.3.8 Outline the structure and function of ANNs and how multi-layer networks are used to model complex patterns in data sets. | C16: HL | D16: FALSE | E16: Not started
B17: A4.3.9 Describe how CNNs are designed to adaptively learn spatial hierarchies of features in images. | C17: HL | D17: FALSE | E17: Not started
B18: A4.3.10 Explain the importance of model selection and comparison in machine learning. | C18: HL | D18: FALSE | E18: Not started
A19: A4.4 Ethical considerations | B19: A4.4.1 Discuss the ethical implications of machine learning in real-world scenarios. | C19: SL | D19: FALSE | E19: Not started
B20: A4.4.2 Discuss ethical aspects of the increasing integration of computer technologies into daily life. | C20: SL | D20: FALSE | E20: Not started
A23: Linking questions
A24: • How can machine learning be applied to optimize the management of network traffic (A2)?
A25: • How does database programming in SQL differ from programming computationally in a high-level
A26: language (A3, B2)?
A27: • To what extent are developments in machine learning ethical (TOK)?
A28: • How can larger models be processed using GPUs and cloud processing (A1)?
A29: • Can machine learning find and improve network security problems (A2)?

Sheet B1 Computational thinking
A1: Standard level: 5 hours Higher level: 5 hours
A3: Subtopic | B3: Learning Statement | C3: Level | D3: Covered in class | E3: Confidence level
A4: B1.1 Approaches to computational thinking | B4: B1.1.1 Construct a problem specification. | C4: SL | D4: TRUE | E4: Not started
B5: B1.1.2 Describe the fundamental concepts of computational thinking. | C5: SL | D5: TRUE | E5: Not started
B6: B1.1.3 Explain how applying computational thinking to fundamental concepts is used to approach and solve problems in computer science. | C6: SL | D6: TRUE | E6: Not started
B7: B1.1.4 Trace flowcharts for a range of programming algorithms. | C7: SL | D7: TRUE | E7: Not started
A9: Linking Questions
A10: • How is pattern recognition used to identify different types of traffic flowing across a network (A2)?
A11: • How are the concepts of computational thinking used in code when designing algorithms (B2)?

Sheet B2 Programming
A1: Standard level: 40 hours Higher level: 42 hours
A3: Subtopic | B3: Learning Statement | C3: Level | D3: Covered in class | E3: Confidence level
A4: B2.1 Programming fundamentals | B4: B2.1.1 Construct and trace programs using a range of global and local variables of various data types. | C4: SL | D4: TRUE | E4: Secure
B5: B2.1.2 Construct programs that can extract and manipulate substrings. | C5: SL | D5: TRUE | E5: Secure
B6: B2.1.3 Describe how programs use common exception handling techniques. | C6: SL | D6: TRUE | E6: Secure
B7: B2.1.4 Construct and use common debugging techniques. | C7: SL | D7: TRUE | E7: Secure
A8: B2.2 Data structures | B8: B2.2.1 Compare static and dynamic data structures. | C8: SL | D8: TRUE | E8: Secure
B9: B2.2.2 Construct programs that apply arrays and Lists. | C9: SL | D9: TRUE | E9: Secure
B10: B2.2.3 Explain the concept of a stack as a “last in, first out” (LIFO) data structure. | C10: SL | D10: FALSE | E10: Not started
B11: B2.2.4 Explain the concept of a queue as a “first in, first out” (FIFO) data structure. | C11: SL | D11: FALSE | E11: Not started
A12: B2.3 Programming constructs | B12: B2.3.1 Construct programs that implement the correct sequence of code instructions to meet program objectives. | C12: SL | D12: FALSE | E12: Not started
B13: B2.3.2 Construct programs utilizing appropriate selection structures. | C13: SL | D13: FALSE | E13: Not started
B14: B2.3.3 Construct programs that utilize looping structures to perform repeated actions. | C14: SL | D14: FALSE | E14: Not started
B15: B2.3.4 Construct functions and modularization. | C15: SL | D15: FALSE | E15: Not started
A16: B2.4 Programming algorithms | B16: B2.4.1 Describe the efficiency of specific algorithms by calculating their Big O notation to analyse their scalability. | C16: SL | D16: TRUE | E16: Secure
B17: B2.4.2 Construct and trace algorithms to implement a linear search and a binary search for data retrieval. | C17: SL | D17: TRUE | E17: Secure
B18: B2.4.3 Construct and trace algorithms to implement bubble sort and selection sort, evaluating their time and space complexities. | C18: SL | D18: TRUE | E18: Secure
B19: B2.4.4 Explain the fundamental concept of recursion and its applications in programming. (HL only) | C19: HL | D19: FALSE | E19: Not started
B20: B2.4.5 Construct and trace recursive algorithms in a programming language. (HL only) | C20: HL | D20: FALSE | E20: Not started
A21: B2.5 File processing | B21: B2.5.1 Construct code to perform file-processing operations. | C21: SL | D21: FALSE | E21: Not started
A23: Linking Questions
A24: • Does database programming in SQL require computational thinking (A3)?
A25: • Why is an understanding of variables and their scope important for effective memory management in computer systems (A1)?
A26: • Is algorithmic efficiency relevant to machine learning, where large data sets are processed and computational cost can be significant (A4)?
A27: • Are data structures like stacks and queues applicable in networking algorithms for packet routing and load balancing (A2)?
A28: • How can graph theory be applied to packet distribution in networks (A2, DP mathematics: applications and interpretation—HL)?
A29: • How do graph algorithms and terminologies, such as vertices and edges, impact machine learning algorithms like network analysis (A4, DP mathematics: applications and interpretation—HL)?
A30: • How can network traffic be used as an example of, or connection to, programming algorithms (A2)?
A31: • How could programming algorithms be applied to develop machine learning methods (A4)?

Sheet B3 Object-oriented programming
A1: Standard level: 7 hours Higher level: 23 hours
A3: Subtopic | B3: Learning Statement | C3: Level | D3: Covered in class | E3: Confidence level
A4: B3.1 Fundamentals of OOP for a single class | B4: B3.1.1 Evaluate the fundamentals of OOP. | C4: SL | D4: FALSE | E4: Not started
B5: B3.1.2 Construct a design of classes, their methods and behaviour. | C5: SL | D5: FALSE | E5: Not started
B6: B3.1.3 Distinguish between static and non-static variables and methods. | C6: SL | D6: FALSE | E6: Not started
B7: B3.1.4 Construct code to define classes and instantiate objects. | C7: SL | D7: FALSE | E7: Not started
B8: B3.1.5 Explain and apply the concepts of encapsulation and information hiding in OOP. | C8: SL | D8: FALSE | E8: Not started
A9: B3.2 Fundamentals of OOP for multiple classes (HL only) | B9: B3.2.1 Explain and apply the concept of inheritance in OOP to promote code reusability. | C9: SL | D9: FALSE | E9: Not started
B10: B3.2.2 Construct code to model polymorphism and its various forms, such as method overriding. | C10: SL | D10: FALSE | E10: Not started
B11: B3.2.3 Explain the concept of abstraction in OOP. | C11: SL | D11: FALSE | E11: Not started
B12: B3.2.4 Explain the role of composition and aggregation in class relationships. | C12: SL | D12: FALSE | E12: Not started
B13: B3.2.5 Explain commonly used design patterns in OOP. | C13: SL | D13: FALSE | E13: Not started
A15: Linking Questions
A16: • In what ways can OOP be applied to database development (A3)?
A17: • Is OOP necessary for all programming, or only in modelling complex situations (B2)?
A18: • How can design patterns in OOP facilitate the architecture of scalable and maintainable machine learning models (A4)?
A19: • How can the principles of encapsulation and information hiding be applied to secure network communication (A3)?

Sheet B4 Abstract data types (HL only
A1: Higher level: 23 hours
A3: Subtopic | B3: Learning Statement | C3: Level | D3: Covered in class | E3: Confidence level
A4: B4.1 Fundamentals of ADTs | B4: B4.1.1 Explain the properties and purpose of ADTs in programming. | C4: HL | D4: FALSE | E4: Not started
B5: B4.1.2 Evaluate linked lists. | C5: HL | D5: FALSE | E5: Not started
B6: B4.1.3 Construct and apply linked lists: singly, doubly and circular. | C6: HL | D6: FALSE | E6: Not started
B7: B4.1.4 Explain the structures and properties of BSTs. | C7: HL | D7: FALSE | E7: Not started
B8: B4.1.5 Construct and apply sets as an ADT. | C8: HL | D8: FALSE | E8: Not started
B9: B4.1.6 Explain the core principles of ADTs. | C9: HL | D9: FALSE | E9: Not started
A11: Linking questions
A12: • What role do stacks and queues play in handling CPU interrupts and polling (A1)?
A13: • Can ADTs be used to manage data (A2)?
A14: • How can ADTs be used to optimize file-processing operations like read and write (B2)?
A15: • Can a BST play a role in the quicksort algorithm (B1)?
